<?xml version="1.0" encoding="utf-8"?>
<odoo>
    <data>
        <!--The daily function late_check_in_records verifies whether employees are tardy.-->
        <record forcecreate="True" id="ir_cron_late_check_in" model="ir.cron">
            <field name="name">Attendance: Late Check-in</field>
            <field name="model_id" ref="model_hr_attendance"/>
            <field name="state">code</field>
            <field name="code">model.late_check_in_records()</field>
            <field name="user_id" ref="base.user_root" />
            <field name="interval_number">1</field>
            <field name="interval_type">days</field>
            <field name="numbercall">-1</field>
            <field eval="False" name="doall" />
        </record>
    </data>
</odoo>
