<odoo>
	<record forcecreate="True" id="cron_download_data" model="ir.cron">
		<field name="name">Download Attendances</field>
		<field eval="True" name="active"/>
		<field name="user_id" ref="base.user_admin"/>
		<field name="interval_number">30</field>
		<field name="interval_type">minutes</field>
		<field name="numbercall">-1</field>
		<field name="model_id" ref="hs_zk_attendance.model_biometric_device_details"/>
		<field name="state">code</field>
		<field name="code">model.cron_download_attendance()</field>
	</record>

</odoo>